,train_time,predict_time,features,mean_error,median_error,var_error,mean_abs_error,median_abs_error,var_abs_error,r2
with-labels_rfm_e4_md2_mfAUTO_tdp05.joblib,0 days 00:00:00.708963000,0 days 00:00:00.256926000,with-labels.yml,-0.0024105286551672116,-0.13291121850860188,32.37110132749584,4.717163632901453,4.487001895227121,10.119474398576124,0.8762931823472908
with-labels_rfm_e50_md100_mfAUTO_mln50000_msl8_mss5_tdp.joblib,0 days 00:07:57.420249000,0 days 00:00:07.660158000,with-labels.yml,-4.333382526727774e-08,-2.2635736174336785e-07,6.202597697326912e-07,0.00010298951423623194,6.581303146546702e-05,6.096529315678967e-07,0.9999999976296652
with-random_rfm_e50_md100_mfAUTO_mln50000_msl8_mss5_tdp.joblib,0 days 00:10:39.781087000,0 days 00:00:05.608944000,with-random.yml,-0.0026078401433084555,0.004793328182040035,0.723961803281049,0.361934676394336,0.21294931798351824,0.5929718941345896,0.9972333398510937
no-geolocation_rfm_e50_md100_mfAUTO_mln50000_msl8_mss5_tdp.joblib,0 days 00:09:10.245811000,0 days 00:00:05.794782000,no-geolocation.yml,-0.001961723369326416,0.0059756251115477,0.9660309008926693,0.46718472171569203,0.2838312033307999,0.7477731850466791,0.9963080495332426
without-elevation_rfm_e50_md100_mfAUTO_mln50000_msl8_mss5_tdp.joblib,0 days 00:08:03.107559000,0 days 00:00:05.597835000,without-elevation.yml,-0.002466343668752062,0.00448946700721109,0.7220676553480089,0.36067280943101465,0.2123277503316241,0.5919888627362397,0.9972405811181555
